Created,19,MO,Monitoring Officer,2018-09-20 08:51:03,21,Kumara
Created,20,TE,Technical Engineer,2018-10-03 08:42:45,1,Admin
Created,21,REP,Reception,2018-10-22 12:01:48,1,Admin
Created,22,HOCC,Head Of Customer Concern,2018-10-25 16:08:53,1,Admin
Created,23,AA,Account Assistant,2018-11-13 11:44:12,1,Admin
Created,24,WHO,Watchguard Head Office,2018-12-03 11:57:24,1,Admin
Created,25,SMM,Social Media Marketer,2018-12-07 06:58:02,1,Admin
Created,26,ITA,IT Assistant,2019-01-08 15:07:42,1,Admin
Created,27,AD,Admin,2019-02-18 16:13:52,1,Admin
Created,28,EE,Electronics Engineer,2019-06-12 13:10:32,1,Admin
Created,29,PM,Procurement Manager,2019-06-20 15:26:54,1,Admin
Created,30,HOM,Head Of Monitoring,2019-06-21 11:01:41,1,Admin
Created,31,HOO,Head Of Operation,2019-08-26 10:13:41,1,Admin
